detection_iteration,center,related_nodes,cluster_size,energy_synergy,cohesion,emergence_strength
300,算法,物联网|云计算,2,0.8984889556413782,1.0,0.7945466866924135
500,动量,热力学|万有引力,2,0.91940204957461,1.0,0.775820614872383
500,万有引力,电磁学|动量,2,0.938412227533842,1.0,0.7815236682601525
500,算法,物联网|数据结构|云计算,3,0.9111721188978565,1.0,0.7900183023360235
500,操作系统,人机交互|算法,2,0.932276962558295,1.0,0.7796830887674884
600,动量,热力学|电磁学,2,0.8846310972028344,1.0,0.7653893291608502
600,万有引力,电磁学|静电力,2,0.934878515824515,1.0,0.7971302214140211
600,算法,云计算|物联网|数据结构|数据库,4,0.8976793977684918,1.0,0.7818038193305474
600,操作系统,人机交互|编译原理,2,0.8954784231036774,1.0,0.7686435269311032
600,云计算,算法|神经网络,2,0.8868242466508991,1.0,0.7910472739952698
700,能量守恒,电磁学|运动学,2,0.9547148769452978,1.0,0.7864144630835892
700,万有引力,电磁学|静电力|相对论,3,0.9321784506911113,1.0,0.7907646463184443
700,相对论,万有引力|量子力学,2,0.9433069254342956,1.0,0.7829920776302886
700,量子力学,电磁学|相对论,2,0.9074884315365641,1.0,0.788913196127636
800,牛顿定律,力学|能量守恒,2,0.9748778964834568,1.0,0.7924633689450371
800,动量,热力学|电磁学|力学,3,0.8981247031369028,1.0,0.7694374109410709
800,万有引力,电磁学|静电力|运动学,3,0.9450127258108603,1.0,0.7946149288543691
800,摩擦力,统计力学|能量守恒|静电力|相对论,4,0.9431979136336002,1.0,0.8012927074234133
800,静电力,万有引力|摩擦力,2,0.9583778013037161,1.0,0.8241800070577814
800,相对论,统计力学|万有引力|摩擦力,3,0.9963785755480121,1.0,0.7989135726644037
800,量子力学,电磁学|热力学,2,0.8767009115352635,1.0,0.8196769401272457
800,云计算,算法|信息安全,2,0.9630867771159752,1.0,0.8139260331347925
800,生成对抗网络,注意力机制|深度学习,2,0.8787256985328438,1.0,0.7636177095598531
900,能量守恒,运动学|电磁学|摩擦力,3,0.9249960072054779,1.0,0.7774988021616434
900,动量,热力学|电磁学|相对论|力学,4,0.9082138100016364,1.0,0.7724641430004908
900,万有引力,电磁学|运动学|静电力|统计力学,4,0.9503250362251112,1.0,0.8005737013437237
900,静电力,万有引力|电磁学,2,0.9518857260099047,1.0,0.822232384469638
900,相对论,动量|统计力学|万有引力|摩擦力,4,0.9890374308809551,1.0,0.7967112292642864
900,量子场论,统计力学|能量守恒,2,0.893031416962861,1.0,0.7821951393745725
900,算法,物联网|数据结构|云计算|数据库|计算机视觉,5,0.9238249040291092,1.0,0.7938141378753995
900,操作系统,人机交互|编译原理|算法,3,0.9987725650645609,1.0,0.7996317695193682
900,云计算,算法|人机交互|神经网络,3,0.9498915268108332,1.0,0.8016341247099167
1000,牛顿定律,力学|相对论|动量,3,0.9432624653988235,1.0,0.782978739619647
1000,能量守恒,运动学|电磁学|摩擦力|量子场论,4,0.9103754557290151,1.0,0.7802554938615616
1000,动量,热力学|电磁学|相对论|牛顿定律|万有引力,5,0.8932343729282827,1.0,0.7679703118784849
1000,万有引力,电磁学|运动学|静电力|统计力学|摩擦力,5,0.9582038021607,1.0,0.806508759695829
1000,摩擦力,能量守恒|相对论|量子力学|万有引力,4,0.988624034470174,1.0,0.8132538770077188
1000,相对论,统计力学|摩擦力|动量|牛顿定律,4,0.9893932498676274,1.0,0.7968179749602882
1000,量子力学,电磁学|力学|摩擦力|热力学,4,0.9148919417514477,1.0,0.836134249192101
1000,算法,云计算|物联网|数据结构|计算机视觉|数据库|人机交互,6,0.9241681295506647,1.0,0.7911393277540881
1000,云计算,算法|人机交互|自然语言处理|神经网络,4,0.9721389586010951,1.0,0.8041416875803284
1100,能量守恒,运动学|电磁学|量子场论|动量|摩擦力,5,0.9043536195199324,1.0,0.7850203715702654
1100,动量,热力学|电磁学|牛顿定律|万有引力|能量守恒|相对论,6,0.9015295682030924,1.0,0.7771255371275944
1100,万有引力,电磁学|运动学|静电力|动量|统计力学|摩擦力,6,0.9739104537360527,1.0,0.8080461519938316
1100,摩擦力,相对论|统计力学|能量守恒|量子力学|万有引力,5,0.9734843803879877,1.0,0.8120453141163964
1100,静电力,万有引力|电磁学|运动学,3,0.9802964320737659,1.0,0.8185333740665743
1100,相对论,统计力学|摩擦力|动量|量子力学|牛顿定律,5,0.9794779218919368,1.0,0.793843376567581
1100,量子力学,电磁学|力学|热力学,3,0.8853827732818175,1.0,0.8367259430956564
1100,量子场论,能量守恒|动量,2,0.8308719065828981,1.0,0.7835472862605837
1100,操作系统,人机交互|编译原理|计算机网络,3,0.9218428091124486,1.0,0.7765528427337345
1100,分布式系统,机器学习|信息安全|云计算,3,0.9333742969214793,1.0,0.7800122890764438
1200,牛顿定律,动量|相对论|万有引力|力学,4,0.9305591526460324,1.0,0.7791677457938098
1200,动量,牛顿定律|热力学|能量守恒|电磁学|万有引力|静电力,6,0.9047834761269927,1.0,0.7781017095047645
1200,万有引力,电磁学|运动学|量子力学|静电力|摩擦力|动量,6,0.9870720218533829,1.0,0.8119946224290306
1200,静电力,电磁学|万有引力|动量|量子力学|力学,5,0.9780406897794313,1.0,0.8247455402671627
1200,相对论,统计力学|摩擦力|牛顿定律|动量|量子力学|静电力,6,0.990530188917658,1.0,0.7971590566752973
1200,量子力学,电磁学|热力学|力学|万有引力|静电力|摩擦力,6,0.8974376828601053,1.0,0.8206598762866029
1200,量子场论,能量守恒|统计力学|万有引力,3,0.8958784943882864,1.0,0.7782873578402953
1200,操作系统,人机交互|编译原理|计算机网络|数据结构|算法,5,0.9649115921825769,1.0,0.7894734776547729
1200,分布式系统,信息安全|机器学习,2,0.9392258784146164,1.0,0.7817677635243849
1200,强化学习,生成对抗网络|深度学习,2,0.9532993063522635,1.0,0.8193231252390124
1300,牛顿定律,动量|相对论|万有引力,3,0.9020376628330443,1.0,0.7706112988499132
1300,能量守恒,运动学|电磁学|摩擦力|动量|量子场论|量子力学,6,0.9780515119312233,1.0,0.8096059297698431
1300,动量,摩擦力|牛顿定律|万有引力|热力学|电磁学|运动学,6,0.8743600895643603,1.0,0.7706413602026414
1300,万有引力,电磁学|动量|静电力|运动学|量子力学|量子场论,6,0.9835680921985888,1.0,0.8053878879770369
1300,摩擦力,统计力学|动量|能量守恒|相对论|量子力学|万有引力,6,0.9909104211635216,1.0,0.8139397930157232
1300,静电力,电磁学|万有引力|相对论|动量|量子力学|热力学,6,0.9871276641036144,1.0,0.8205827436755289
1300,量子力学,电磁学|热力学|力学|万有引力|摩擦力|能量守恒,6,0.8946026163891164,1.0,0.8190157055516554
1300,量子场论,万有引力|能量守恒|动量|统计力学,4,0.8837788716642585,1.0,0.7822765186421345
1300,算法,云计算|数据结构|人机交互|物联网|数据库|软件工程,6,0.8894373822482913,1.0,0.7751645480078206
1300,操作系统,人机交互|编译原理|计算机网络|机器学习|数据结构|算法,6,0.9703576008013038,1.0,0.7911072802403911
1400,牛顿定律,相对论|动量|量子力学|万有引力|力学,5,0.9369994689537093,1.0,0.7810998406861127
1400,静电力,电磁学|相对论|万有引力|动量|量子力学|力学,6,0.9944186081191723,1.0,0.8244366935468627
1400,相对论,统计力学|牛顿定律|静电力|摩擦力,4,0.9964573310920587,1.0,0.7989371993276175
1400,操作系统,人机交互|编译原理|计算机网络|算法|物联网|计算机视觉,6,0.9617680142088064,1.0,0.788530404262642
1400,分布式系统,信息安全|机器学习|云计算|编译原理|数据结构|算法,6,0.8881971754951345,1.0,0.7664591526485403
1400,云计算,算法|神经网络|人机交互|分布式系统|操作系统|自然语言处理,6,0.9869031913465627,1.0,0.8044042907373021
1400,注意力机制,数据结构|计算机视觉|计算机网络,3,0.8882933417798151,1.0,0.7813028173487593
1500,牛顿定律,相对论|力学|动量|摩擦力|量子力学|万有引力,6,0.9602553921283243,1.0,0.7880766176384972
1500,能量守恒,运动学|电磁学|摩擦力|量子场论|量子力学|万有引力,6,0.9665217162875226,1.0,0.7994803244100663
1500,动量,万有引力|摩擦力|运动学|牛顿定律|量子场论|电磁学,6,0.9281762933323578,1.0,0.7934528879997073
1500,万有引力,电磁学|动量|运动学|统计力学|量子场论|静电力,6,0.9276907355934668,1.0,0.7886246809955002
1500,摩擦力,统计力学|动量|运动学|能量守恒|万有引力|牛顿定律,6,0.9929158635805939,1.0,0.8089858701852892
1500,静电力,相对论|电磁学|宇宙学|万有引力|量子力学|能量守恒,6,0.9535973348929974,1.0,0.8038569782456769
1500,相对论,统计力学|牛顿定律|静电力|摩擦力|量子力学,5,0.9722902446317369,1.0,0.7916870733895209
1500,量子力学,电磁学|热力学|力学|万有引力|能量守恒|静电力,6,0.9331928242961894,1.0,0.8305927679237775
1500,算法,云计算|数据结构|数据库|人机交互|物联网|操作系统,6,0.8926389949619568,1.0,0.7761250318219204
1500,操作系统,人机交互|计算机网络|编译原理|机器学习|算法|云计算,6,0.9421845662217162,1.0,0.7826553698665148
1600,能量守恒,运动学|量子场论|电磁学|摩擦力|静电力|量子力学,6,0.9681921949660248,1.0,0.7999814680136168
1600,万有引力,电磁学|动量|静电力|运动学|量子力学|统计力学,6,0.9711278228875051,1.0,0.8064177119456166
1600,摩擦力,统计力学|动量|运动学|能量守恒|力学|万有引力,6,0.9958820630281767,1.0,0.8182090633528974
1600,量子场论,能量守恒|动量|万有引力|统计力学|电磁学,5,0.9115502166915398,1.0,0.7871793507217476
1600,算法,云计算|数据结构|数据库|人机交互|自然语言处理|物联网,6,0.8772106401636276,1.0,0.7714965253824215
1600,分布式系统,机器学习|数据结构|算法|信息安全|云计算|软件工程,6,0.9720274536023372,1.0,0.7916082360807011
1600,云计算,算法|神经网络|分布式系统|操作系统|人机交互|信息安全,6,0.9734054222993626,1.0,0.8003549600231421
1700,牛顿定律,相对论|力学|动量|量子力学|热力学|摩擦力,6,0.9541383457054805,1.0,0.7862415037116441
1700,能量守恒,运动学|量子场论|摩擦力|静电力|电磁学|万有引力,6,0.9736074196814324,1.0,0.7968441306663345
1700,动量,运动学|万有引力|摩擦力|量子场论|电磁学|热力学,6,0.9411253072364467,1.0,0.7973375921709339
1700,摩擦力,统计力学|能量守恒|动量|运动学|力学|热力学,6,0.9743181375704005,1.0,0.8128509968266756
1700,静电力,相对论|万有引力|电磁学|宇宙学|能量守恒|动量,6,0.9563130572537855,1.0,0.7991161393983578
1700,相对论,统计力学|牛顿定律|静电力|电磁学|万有引力|摩擦力,6,0.9914648864616131,1.0,0.7974394659384838
1700,量子力学,电磁学|热力学|万有引力|力学|摩擦力|牛顿定律,6,0.9356223587317773,1.0,0.826559723492549
1700,量子场论,能量守恒|万有引力|动量|统计力学|电磁学|量子力学,6,0.9259046518463531,1.0,0.8003110780935884
1800,牛顿定律,相对论|量子力学|力学|动量|热力学|静电力,6,0.9545009033803921,1.0,0.7863502710141175
1800,静电力,电磁学|相对论|万有引力|宇宙学|能量守恒|牛顿定律,6,0.9514245963648178,1.0,0.7976496011316675
1800,相对论,统计力学|牛顿定律|静电力|电磁学|热力学|万有引力,6,0.9982511416698885,1.0,0.7994753425009664
1800,算法,云计算|自然语言处理|数据结构|人机交互|数据库|分布式系统,6,0.9414238400665291,1.0,0.7907604853532919
1800,操作系统,人机交互|机器学习|计算机网络|编译原理|神经网络|算法,6,0.9620412229973249,1.0,0.7886123668991973
1800,云计算,算法|神经网络|物联网|机器学习|计算机网络|操作系统,6,0.9825380955021115,1.0,0.814205873095078
1900,牛顿定律,相对论|量子力学|力学|热力学|万有引力|静电力,6,0.985726101421205,1.0,0.7957178304263615
1900,动量,运动学|万有引力|摩擦力|热力学|力学|量子场论,6,0.9442075169053528,1.0,0.7982622550716058
1900,相对论,统计力学|牛顿定律|静电力|热力学|电磁学|摩擦力,6,0.9861795787599544,1.0,0.7958538736279863
1900,量子场论,能量守恒|万有引力|动量|统计力学|量子力学|宇宙学,6,0.9066979056126755,1.0,0.7945490542234851
1900,云计算,算法|神经网络|信息安全|物联网|机器学习|分布式系统,6,0.9610691532844235,1.0,0.7966540793186603
2000,牛顿定律,相对论|量子力学|热力学|力学|运动学|万有引力,6,0.993184903788916,1.0,0.7979554711366748
2000,能量守恒,静电力|运动学|量子场论|摩擦力|万有引力|动量,6,0.98870674713777,1.0,0.8080405955699025
2000,操作系统,人机交互|神经网络|机器学习|编译原理|计算机网络|云计算,6,0.9501546328282924,1.0,0.7850463898484876
2000,分布式系统,机器学习|数据结构|算法|云计算|软件工程|编译原理,6,0.9662942592382044,1.0,0.7898882777714613
2000,云计算,算法|神经网络|操作系统|分布式系统|计算机网络|信息安全,6,0.9979625058154832,1.0,0.8188331961890895
2100,万有引力,动量|电磁学|量子场论|静电力|运动学|牛顿定律,6,0.9126453270873123,1.0,0.7793491536817492
2100,静电力,能量守恒|电磁学|万有引力|相对论|宇宙学|热力学,6,0.9512994000567714,1.0,0.8042787089059201
2100,量子力学,电磁学|热力学|牛顿定律|万有引力|力学|运动学,6,0.9703431513425523,1.0,0.8369759612757814
2100,操作系统,人机交互|编译原理|神经网络|云计算|机器学习|数据结构,6,0.9580540421223678,1.0,0.7874162126367104
2100,分布式系统,机器学习|数据结构|算法|云计算|软件工程|物联网,6,0.9517566928153924,1.0,0.7855270078446177
2100,云计算,算法|操作系统|计算机网络|神经网络|机器学习|分布式系统,6,0.9788174267525326,1.0,0.8130896724702042
2100,生成对抗网络,神经网络|深度学习|机器学习,3,0.9145529290017735,1.0,0.7910325453671988
2200,能量守恒,静电力|运动学|量子场论|摩擦力|万有引力|量子力学,6,0.9790025294000767,1.0,0.8032245683438324
2200,动量,热力学|运动学|万有引力|摩擦力|力学|静电力,6,0.9404059350609147,1.0,0.7904551138516076
2200,量子力学,电磁学|牛顿定律|热力学|万有引力|运动学|量子场论,6,0.9542047602917444,1.0,0.8265788884049836
2200,算法,自然语言处理|数据结构|云计算|数据库|物联网|操作系统,6,0.9791218142344457,1.0,0.802069877603667
2200,分布式系统,机器学习|数据结构|算法|神经网络|云计算|软件工程,6,0.9703096632901617,1.0,0.7910928989870485
2300,摩擦力,统计力学|热力学|动量|能量守恒|运动学|相对论,6,0.9618430064289321,1.0,0.8007751241509019
2300,量子场论,能量守恒|万有引力|动量|量子力学|电磁学|相对论,6,0.9277987767572473,1.0,0.8064348711224122
2300,操作系统,编译原理|人机交互|神经网络|云计算|算法|数据结构,6,0.9514181501944338,1.0,0.78542544505833
2400,牛顿定律,相对论|量子力学|万有引力|力学|运动学|宇宙学,6,0.9571329083298616,1.0,0.7871398724989584
2400,能量守恒,静电力|运动学|量子场论|摩擦力|万有引力|牛顿定律,6,0.9770898301156299,1.0,0.7978888537965936
2400,操作系统,人机交互|编译原理|神经网络|算法|云计算|计算机网络,6,0.9337131157234004,1.0,0.7801139347170201
2500,相对论,统计力学|牛顿定律|静电力|热力学|电磁学|能量守恒,6,0.9788734193233709,1.0,0.7936620257970113
2500,量子场论,能量守恒|动量|万有引力|电磁学|量子力学|力学,6,0.928665138425592,1.0,0.8011392240673602
2500,分布式系统,数据结构|机器学习|人机交互|算法|云计算|物联网,6,0.9091234182100388,1.0,0.7727370254630117
2500,云计算,神经网络|操作系统|算法|分布式系统|计算机网络|物联网,6,0.9827813771071234,1.0,0.8142788575765815
2600,牛顿定律,相对论|量子力学|万有引力|力学|运动学|能量守恒,6,0.9598809613785005,1.0,0.78796428841355
2600,万有引力,运动学|动量|量子场论|静电力|牛顿定律|能量守恒,6,0.9681779717343862,1.0,0.7960089470758713
2600,相对论,统计力学|牛顿定律|静电力|能量守恒|摩擦力|热力学,6,0.998197326136175,1.0,0.7994591978408525
2600,量子场论,能量守恒|万有引力|动量|电磁学|量子力学|宇宙学,6,0.9547589596328734,1.0,0.8089673704295445
2600,算法,自然语言处理|数据结构|操作系统|云计算|分布式系统|物联网,6,0.9752365834606226,1.0,0.8009043083715199
2600,云计算,算法|神经网络|操作系统|分布式系统|计算机网络|人机交互,6,0.9759776118927912,1.0,0.8122377280122818
2700,相对论,统计力学|牛顿定律|静电力|运动学|摩擦力|热力学,6,0.9969912621010338,1.0,0.7990973786303102
2700,算法,自然语言处理|数据结构|操作系统|云计算|数据库|分布式系统,6,0.9684668829276772,1.0,0.7988733982116365
2700,云计算,操作系统|算法|神经网络|分布式系统|计算机网络|软件工程,6,0.9687739705898459,1.0,0.8100766356213983
2800,牛顿定律,相对论|量子力学|能量守恒|万有引力|力学|静电力,6,0.9350878799320237,1.0,0.7805263639796072
2800,动量,运动学|静电力|热力学|力学|万有引力|量子场论,6,0.9531054506409322,1.0,0.8009316351922796
2800,分布式系统,数据结构|人机交互|机器学习|算法|物联网|软件工程,6,0.9198569173562793,1.0,0.7759570752068838
2900,静电力,动量|电磁学|能量守恒|牛顿定律|万有引力|相对论,6,0.9982436562566102,1.0,0.8116953190992052
2900,操作系统,神经网络|人机交互|计算机网络|云计算|算法|机器学习,6,0.9362902401667071,1.0,0.7808870720500121
2900,分布式系统,数据结构|人机交互|算法|机器学习|操作系统|软件工程,6,0.9369648210565088,1.0,0.7906132558407621
2900,云计算,操作系统|算法|神经网络|分布式系统|物联网|信息安全,6,0.9543163124747825,1.0,0.7946282270757681
3000,牛顿定律,量子力学|相对论|能量守恒|宇宙学|运动学|静电力,6,0.9169315815390153,1.0,0.7750794744617047
3000,能量守恒,摩擦力|牛顿定律|静电力|运动学|万有引力|相对论,6,0.9804169363134426,1.0,0.7941250808940328
3000,摩擦力,能量守恒|热力学|统计力学|动量|力学|相对论,6,0.9819358342375383,1.0,0.815136305826817
3000,相对论,统计力学|牛顿定律|运动学|静电力|热力学|能量守恒,6,0.9989092873808235,1.0,0.799672786214247
3000,量子场论,电磁学|万有引力|动量|能量守恒|力学|摩擦力,6,0.9552195626268805,1.0,0.7979944402166356
3000,云计算,操作系统|算法|神经网络|编译原理|分布式系统|物联网,6,0.9713868351068122,1.0,0.7997493838653769
3100,摩擦力,能量守恒|热力学|统计力学|动量|力学|量子场论,6,0.9701656753553238,1.0,0.8116052581621526
3100,量子力学,牛顿定律|电磁学|运动学|万有引力|量子场论|力学,6,0.9858448192153817,1.0,0.8394042394154081
3100,量子场论,电磁学|万有引力|能量守恒|摩擦力|动量|量子力学,6,0.980060461092521,1.0,0.8165578208674388
3100,算法,自然语言处理|云计算|数据库|数据结构|计算机视觉|操作系统,6,0.950165368577816,1.0,0.7989384994622335
3100,分布式系统,数据结构|人机交互|算法|机器学习|操作系统|信息安全,6,0.9696309567865165,1.0,0.8004130965597644
3100,云计算,算法|操作系统|神经网络|编译原理|数据结构|自然语言处理,6,0.9580947011141414,1.0,0.7957617436675757
3200,牛顿定律,量子力学|静电力|相对论|能量守恒|万有引力|运动学,6,0.9338265735321402,1.0,0.780147972059642
3200,能量守恒,摩擦力|万有引力|量子场论|牛顿定律|运动学|相对论,6,0.9959188771651757,1.0,0.8035375679114574
3200,量子力学,牛顿定律|运动学|电磁学|万有引力|量子场论|摩擦力,6,0.9791971570607543,1.0,0.8262988296579087
3200,算法,自然语言处理|云计算|数据库|数据结构|分布式系统|计算机视觉,6,0.9447606854222672,1.0,0.797317094515569
3200,操作系统,神经网络|计算机网络|人机交互|信息安全|云计算|机器学习,6,0.9418905685149506,1.0,0.7825671705544852
3200,云计算,算法|操作系统|编译原理|神经网络|信息安全|数据结构,6,0.9622751851105981,1.0,0.7970158888665126
3300,牛顿定律,量子力学|电磁学|静电力|相对论|力学|宇宙学,6,0.8871275051820624,1.0,0.7661382515546187
3300,万有引力,能量守恒|动量|牛顿定律|运动学|量子力学|量子场论,6,0.9941047341601643,1.0,0.8029933250099539
3300,静电力,电磁学|动量|牛顿定律|相对论|万有引力|热力学,6,0.9713835524976905,1.0,0.8103039546381959
3300,算法,自然语言处理|数据结构|云计算|分布式系统|数据库|物联网,6,0.9255314139845847,1.0,0.7859927575287087
3300,分布式系统,算法|人机交互|数据结构|机器学习|自然语言处理|操作系统,6,0.9884810349913735,1.0,0.8060681200212214
3400,万有引力,运动学|能量守恒|动量|量子场论|牛顿定律|电磁学,6,0.9908215650886467,1.0,0.797246469526594
3500,能量守恒,摩擦力|万有引力|量子场论|牛顿定律|相对论|静电力,6,0.9757164782472114,1.0,0.7974768482360681
3500,相对论,统计力学|静电力|牛顿定律|运动学|能量守恒|电磁学,6,0.995926224491448,1.0,0.7987778673474344
3500,量子场论,摩擦力|电磁学|能量守恒|万有引力|力学|牛顿定律,6,0.9796942787021071,1.0,0.7986701883725369
3500,操作系统,信息安全|计算机网络|人机交互|神经网络|云计算|编译原理,6,0.9499116477109906,1.0,0.7849734943132971
3500,分布式系统,算法|数据结构|人机交互|自然语言处理|机器学习|编译原理,6,0.9820058553413553,1.0,0.7946017566024066
3600,静电力,相对论|牛顿定律|动量|电磁学|能量守恒|热力学,6,0.9950647824649446,1.0,0.8118527680728166
3600,相对论,统计力学|静电力|牛顿定律|运动学|能量守恒|摩擦力,6,0.9863086878461669,1.0,0.7958926063538501
3700,牛顿定律,宇宙学|量子力学|电磁学|静电力|相对论|万有引力,6,0.8943971566737469,1.0,0.768319147002124
3700,能量守恒,摩擦力|万有引力|量子场论|运动学|静电力|相对论,6,0.9968324710044747,1.0,0.8038116460632472
3700,万有引力,能量守恒|牛顿定律|力学|运动学|动量|量子力学,6,0.9982394568478866,1.0,0.8109004084829373
3700,相对论,统计力学|静电力|牛顿定律|运动学|电磁学|力学,6,0.9939581046796574,1.0,0.7981874314038973
3700,量子力学,牛顿定律|电磁学|运动学|万有引力|静电力|动量,6,0.960578132583716,1.0,0.8162686778703528
3700,云计算,算法|操作系统|神经网络|信息安全|自然语言处理|数据结构,6,0.9014475512828943,1.0,0.7787675987182017
3800,能量守恒,摩擦力|万有引力|运动学|量子场论|静电力|力学,6,0.9854289098290641,1.0,0.8003905777106239
3800,万有引力,能量守恒|静电力|运动学|牛顿定律|量子力学|力学,6,0.9886433862825539,1.0,0.813577142868893
3800,量子力学,牛顿定律|电磁学|万有引力|运动学|动量|热力学,6,0.9658120971742172,1.0,0.8256166450252809
3900,牛顿定律,宇宙学|量子力学|运动学|相对论|电磁学|静电力,6,0.890360507392493,1.0,0.7671081522177479
3900,能量守恒,摩擦力|运动学|万有引力|量子场论|牛顿定律|力学,6,0.9884873892659144,1.0,0.8013081215416791
3900,动量,摩擦力|力学|热力学|静电力|运动学|电磁学,6,0.9657196418463272,1.0,0.7980492258872314
3900,量子场论,摩擦力|电磁学|能量守恒|统计力学|力学|牛顿定律,6,0.9629217891665983,1.0,0.7936384415118842
3900,算法,数据结构|分布式系统|物联网|云计算|机器学习|计算机视觉,6,0.8955591671960434,1.0,0.7825566390477019
3900,分布式系统,算法|自然语言处理|数据结构|人机交互|信息安全|编译原理,6,0.9885387918058488,1.0,0.7965616375417546
4000,能量守恒,摩擦力|万有引力|牛顿定律|运动学|热力学|量子场论,6,0.9650089650963989,1.0,0.7942645942908244
4000,量子力学,牛顿定律|万有引力|电磁学|热力学|静电力|运动学,6,0.9833630609534467,1.0,0.8297708230479388
4000,算法,数据结构|分布式系统|物联网|信息安全|机器学习|云计算,6,0.8961360299323176,1.0,0.7771741423130285
4100,分布式系统,算法|数据结构|自然语言处理|神经网络|编译原理|人机交互,6,0.9792798300596179,1.0,0.7937839490178853
4200,静电力,牛顿定律|相对论|动量|万有引力|电磁学|量子力学,6,0.9663665444543978,1.0,0.8076877411140971
4200,量子力学,牛顿定律|电磁学|万有引力|静电力|统计力学|热力学,6,0.9890065903718064,1.0,0.8370194374290021
4200,量子场论,摩擦力|统计力学|电磁学|能量守恒|力学|热力学,6,0.9525906345774398,1.0,0.7905390951351365
4200,算法,数据结构|信息安全|物联网|分布式系统|神经网络|人机交互,6,0.9210573100998272,1.0,0.7763171930299482
4200,分布式系统,数据结构|算法|自然语言处理|神经网络|物联网|人机交互,6,0.9714471595795588,1.0,0.7914341478738676
4300,万有引力,能量守恒|量子力学|运动学|静电力|相对论|力学,6,0.9812810521818849,1.0,0.8113684426386923
4300,量子力学,牛顿定律|万有引力|电磁学|统计力学|动量|静电力,6,0.9824411279237355,1.0,0.8283831320279141
4400,牛顿定律,宇宙学|运动学|量子力学|能量守恒|力学|静电力,6,0.9167695253460313,1.0,0.7750308576038094
4400,能量守恒,摩擦力|万有引力|牛顿定律|运动学|力学|静电力,6,0.9669842744399708,1.0,0.7900952823319911
4400,动量,运动学|力学|摩擦力|热力学|电磁学|万有引力,6,0.9687442262428368,1.0,0.7989566012061844
4400,万有引力,能量守恒|量子力学|运动学|静电力|相对论|牛顿定律,6,0.9864824071734516,1.0,0.8062621824694958
4400,相对论,统计力学|热力学|万有引力|牛顿定律|静电力|能量守恒,6,0.9905899880065395,1.0,0.7971769964019617
4400,量子场论,摩擦力|统计力学|能量守恒|电磁学|万有引力|力学,6,0.9411953121227854,1.0,0.7871204983987403
4400,算法,数据结构|信息安全|人机交互|神经网络|物联网|云计算,6,0.9151173620001994,1.0,0.7828685419333932
4400,操作系统,计算机网络|信息安全|人机交互|编译原理|算法|神经网络,6,0.9904999894351305,1.0,0.7971499968305391
4500,牛顿定律,宇宙学|运动学|能量守恒|力学|量子力学|相对论,6,0.9294576920074883,1.0,0.7788373076022463
4500,静电力,万有引力|牛顿定律|电磁学|能量守恒|相对论|量子力学,6,0.9477410863138389,1.0,0.8021001036719294
4500,相对论,统计力学|牛顿定律|热力学|万有引力|运动学|静电力,6,0.9807833323706862,1.0,0.7942349997112057
4500,算法,数据结构|信息安全|神经网络|人机交互|计算机视觉|云计算,6,0.924867930496384,1.0,0.791349268037804
4600,牛顿定律,宇宙学|运动学|能量守恒|力学|电磁学|量子力学,6,0.9187727999137995,1.0,0.7756318399741398
4600,能量守恒,牛顿定律|摩擦力|万有引力|力学|运动学|相对论,6,0.9694769941043744,1.0,0.7908430982313124
4600,摩擦力,量子场论|能量守恒|动量|统计力学|运动学|热力学,6,0.9807493143532633,1.0,0.8064470165282013
4600,相对论,统计力学|牛顿定律|运动学|热力学|万有引力|电磁学,6,0.9818802172810976,1.0,0.7945640651843293
4600,算法,数据结构|信息安全|神经网络|人机交互|物联网|计算机视觉,6,0.9276582973872572,1.0,0.7838530447717327
4600,操作系统,计算机网络|信息安全|人机交互|机器学习|编译原理|算法,6,0.9766443079228844,1.0,0.7929932923768652
4600,分布式系统,数据结构|算法|神经网络|物联网|编译原理|人机交互,6,0.9923780127522288,1.0,0.7977134038256686
4700,相对论,统计力学|运动学|力学|静电力|牛顿定律|热力学,6,0.9714646237338371,1.0,0.791439387120151
4700,量子力学,电磁学|统计力学|万有引力|牛顿定律|静电力|运动学,6,0.9912789602944776,1.0,0.8299233706280257
4700,算法,数据结构|信息安全|神经网络|计算机视觉|机器学习|人机交互,6,0.9281998298343674,1.0,0.7840155045058657
4700,操作系统,信息安全|计算机网络|算法|神经网络|人机交互|机器学习,6,0.9981009987948151,1.0,0.7994302996384446
4800,牛顿定律,能量守恒|运动学|宇宙学|力学|电磁学|相对论,6,0.9407938793654201,1.0,0.7822381638096261
4800,万有引力,力学|运动学|能量守恒|量子力学|相对论|牛顿定律,6,0.9927588220690581,1.0,0.8092562180492889
4800,静电力,能量守恒|相对论|电磁学|万有引力|统计力学|量子力学,6,0.9420055733498837,1.0,0.8059350053382984
4800,相对论,统计力学|运动学|力学|牛顿定律|能量守恒|静电力,6,0.9750018927485352,1.0,0.7925005678245605
4800,量子场论,摩擦力|统计力学|能量守恒|热力学|力学|万有引力,6,0.9394884336892384,1.0,0.7866084348686762
4800,分布式系统,数据结构|算法|神经网络|信息安全|编译原理|物联网,6,0.9885961733508737,1.0,0.7965788520052621
4900,能量守恒,牛顿定律|摩擦力|相对论|力学|运动学|静电力,6,0.9515710937564212,1.0,0.7854713281269263
4900,万有引力,运动学|力学|能量守恒|动量|量子力学|相对论,6,0.996886678433438,1.0,0.8104945749586029
4900,静电力,电磁学|能量守恒|相对论|牛顿定律|统计力学|万有引力,6,0.9304262254000417,1.0,0.7969056453977902
4900,算法,信息安全|数据结构|神经网络|分布式系统|机器学习|计算机视觉,6,0.9284035655625431,1.0,0.7840766252243185
4900,操作系统,信息安全|计算机网络|机器学习|人机交互|编译原理|神经网络,6,0.985669708846127,1.0,0.7957009126538381
4900,云计算,算法|自然语言处理|数据结构|编译原理|操作系统|计算机网络,6,0.9418513096857892,1.0,0.8019998373501812
5000,能量守恒,摩擦力|牛顿定律|相对论|静电力|热力学|力学,6,0.9436090807894888,1.0,0.7830827242368466
5000,万有引力,运动学|力学|动量|牛顿定律|静电力|相对论,6,0.99477831341362,1.0,0.8106557162463083
5000,算法,信息安全|数据结构|神经网络|分布式系统|机器学习|物联网,6,0.935577238311114,1.0,0.7806731714933342
5000,操作系统,信息安全|计算机网络|机器学习|人机交互|自然语言处理|神经网络,6,0.9875120271735536,1.0,0.7962536081520661
5000,云计算,自然语言处理|算法|神经网络|编译原理|数据结构|计算机网络,6,0.9378917482008764,1.0,0.8008119689047074
5100,能量守恒,摩擦力|牛顿定律|相对论|静电力|运动学|热力学,6,0.9434122228106586,1.0,0.7830236668431976
5100,相对论,能量守恒|力学|运动学|统计力学|牛顿定律|万有引力,6,0.9942391212542638,1.0,0.798271736376279
5200,摩擦力,能量守恒|动量|统计力学|量子场论|力学|运动学,6,0.9949373046219379,1.0,0.8123700802754701
5200,分布式系统,数据结构|算法|神经网络|编译原理|物联网|自然语言处理,6,0.9920170624265867,1.0,0.797605118727976
5200,云计算,自然语言处理|算法|神经网络|编译原理|数据结构|数据库,6,0.933224757235477,1.0,0.7883007605039765
5300,万有引力,运动学|静电力|力学|能量守恒|动量|牛顿定律,6,0.9998932386701332,1.0,0.8121901938232622
5300,算法,数据结构|信息安全|物联网|机器学习|分布式系统|计算机视觉,6,0.918782967073952,1.0,0.7811904456777412
5300,生成对抗网络,强化学习|深度学习|注意力机制,3,0.9724301164270388,1.0,0.7917290349281116
5400,能量守恒,牛顿定律|摩擦力|相对论|静电力|力学|万有引力,6,0.9403688842184958,1.0,0.7821106652655487
5400,算法,信息安全|数据结构|物联网|人机交互|机器学习|计算机视觉,6,0.917752552310048,1.0,0.7808813212485699
5400,云计算,自然语言处理|算法|神经网络|数据结构|机器学习|编译原理,6,0.9500391475129735,1.0,0.7933450775872253
5500,牛顿定律,力学|能量守恒|运动学|宇宙学|电磁学|万有引力,6,0.963683948361525,1.0,0.7891051845084576
5500,相对论,能量守恒|万有引力|力学|运动学|统计力学|静电力,6,0.9888879164400366,1.0,0.7966663749320109
5500,操作系统,自然语言处理|信息安全|计算机网络|人机交互|机器学习|云计算,6,0.9767884023853879,1.0,0.7930365207156163
5500,云计算,神经网络|算法|自然语言处理|操作系统|数据结构|机器学习,6,0.9441042357134408,1.0,0.7915646040473656
5600,万有引力,运动学|牛顿定律|能量守恒|力学|动量|相对论,6,0.9867771161611869,1.0,0.8026998015150227
5600,静电力,电磁学|能量守恒|万有引力|统计力学|牛顿定律|量子力学,6,0.9519445428993973,1.0,0.8089166962031525
5600,操作系统,自然语言处理|人机交互|计算机网络|信息安全|数据结构|云计算,6,0.9543631117484479,1.0,0.7863089335245343
5700,量子力学,统计力学|牛顿定律|电磁学|万有引力|静电力|宇宙学,6,0.9777246995582095,1.0,0.8258570924071454
5700,算法,数据结构|信息安全|计算机视觉|人机交互|神经网络|分布式系统,6,0.9406237348034053,1.0,0.7877426759965771
5700,操作系统,自然语言处理|人机交互|计算机网络|信息安全|数据结构|机器学习,6,0.9580602808887222,1.0,0.7874180842666165
5700,分布式系统,数据结构|算法|自然语言处理|计算机网络|物联网|神经网络,6,0.9718698702020186,1.0,0.7915609610606056
5800,分布式系统,数据结构|算法|物联网|自然语言处理|计算机网络|软件工程,6,0.9877233273587198,1.0,0.7963169982076159
5800,云计算,神经网络|算法|自然语言处理|操作系统|编译原理|物联网,6,0.9651571945119939,1.0,0.7978804916869315
5900,能量守恒,牛顿定律|摩擦力|万有引力|力学|相对论|量子场论,6,0.9174154697017596,1.0,0.7799865456724326
5900,万有引力,运动学|能量守恒|牛顿定律|动量|相对论|摩擦力,6,0.9956648381966355,1.0,0.8042550070145462
5900,摩擦力,能量守恒|统计力学|万有引力|力学|运动学|热力学,6,0.9862806799384666,1.0,0.821995315092651
5900,相对论,能量守恒|运动学|万有引力|力学|统计力学|电磁学,6,0.9822603309424459,1.0,0.7946780992827338
5900,操作系统,自然语言处理|信息安全|人机交互|算法|计算机网络|数据结构,6,0.9421178826116395,1.0,0.7826353647834918
5900,云计算,神经网络|自然语言处理|算法|编译原理|操作系统|机器学习,6,0.9735148832055555,1.0,0.8003877982949998
6000,能量守恒,牛顿定律|力学|摩擦力|万有引力|相对论|热力学,6,0.9227088670125283,1.0,0.7768126601037584
6000,动量,运动学|万有引力|热力学|电磁学|力学|能量守恒,6,0.9851147029752345,1.0,0.8105344108925704
6000,静电力,电磁学|统计力学|能量守恒|量子力学|万有引力|动量,6,0.9542418255797998,1.0,0.8096058810072732
6000,量子场论,能量守恒|电磁学|摩擦力|统计力学|力学|量子力学,6,0.9259968025805261,1.0,0.7936720566471736
6000,操作系统,自然语言处理|信息安全|算法|人机交互|软件工程|云计算,6,0.9598698583053648,1.0,0.7879609574916093
6100,摩擦力,能量守恒|运动学|万有引力|统计力学|热力学|量子场论,6,0.9981926744906018,1.0,0.8172355801249583
6100,静电力,电磁学|能量守恒|统计力学|相对论|量子力学|牛顿定律,6,0.950503209930604,1.0,0.8029287407569589
6100,量子力学,统计力学|牛顿定律|电磁学|静电力|运动学|量子场论,6,0.9980731513296355,1.0,0.8383108342877795
6100,量子场论,能量守恒|电磁学|热力学|摩擦力|量子力学|统计力学,6,0.9440296769205229,1.0,0.7990819189491727
6100,操作系统,自然语言处理|数据结构|算法|神经网络|信息安全|软件工程,6,0.9384318590248053,1.0,0.7815295577074415
6100,分布式系统,数据结构|自然语言处理|算法|计算机网络|物联网|信息安全,6,0.9603430802822451,1.0,0.7881029240846735
6100,云计算,神经网络|算法|机器学习|自然语言处理|编译原理|物联网,6,0.9610812579464345,1.0,0.7966577107172637
6200,牛顿定律,能量守恒|运动学|宇宙学|力学|电磁学|热力学,6,0.9618053870197993,1.0,0.7885416161059398
6200,能量守恒,牛顿定律|力学|相对论|量子场论|热力学|摩擦力,6,0.9171364540962157,1.0,0.7799028409907693
6200,摩擦力,能量守恒|运动学|万有引力|热力学|动量|统计力学,6,0.9936254923660784,1.0,0.8158654254876013
6200,静电力,电磁学|能量守恒|统计力学|动量|相对论|量子力学,6,0.9684530634751467,1.0,0.8083136968203218
6200,量子力学,统计力学|电磁学|牛顿定律|量子场论|静电力|相对论,6,0.9953088051508049,1.0,0.8319259748785747
6200,量子场论,能量守恒|电磁学|热力学|量子力学|摩擦力|静电力,6,0.9431366613392629,1.0,0.7988140142747946
6200,操作系统,自然语言处理|算法|神经网络|数据结构|数据库|软件工程,6,0.9362284635214561,1.0,0.7808685390564367
6200,生成对抗网络,强化学习|深度学习,2,0.9446322629086854,1.0,0.7833896788726056
6300,动量,热力学|运动学|万有引力|力学|能量守恒|摩擦力,6,0.9923227482045345,1.0,0.8126968244613603
6300,摩擦力,能量守恒|运动学|万有引力|热力学|动量|量子场论,6,0.9988974577356062,1.0,0.811891459542904
6300,静电力,电磁学|能量守恒|相对论|统计力学|万有引力|动量,6,0.9693058824458264,1.0,0.8085695425115257
6300,量子力学,统计力学|牛顿定律|电磁学|相对论|宇宙学|量子场论,6,0.996023845829983,1.0,0.8321404870823282
6300,操作系统,自然语言处理|神经网络|算法|数据结构|人机交互|信息安全,6,0.9250011561709955,1.0,0.7775003468512987
6300,分布式系统,数据结构|自然语言处理|信息安全|物联网|人机交互|算法,6,0.9540626493385338,1.0,0.7862187948015602
6400,能量守恒,牛顿定律|电磁学|摩擦力|热力学|万有引力|相对论,6,0.9142115882404477,1.0,0.7742634764721343
6400,动量,热力学|运动学|万有引力|能量守恒|力学|宇宙学,6,0.9958583463534192,1.0,0.8137575039060257
6400,摩擦力,能量守恒|运动学|万有引力|动量|热力学|宇宙学,6,0.9936958355616177,1.0,0.8103309728907074
6400,静电力,电磁学|能量守恒|相对论|牛顿定律|量子场论|动量,6,0.9622292472750383,1.0,0.7953354408491781
6400,相对论,运动学|能量守恒|万有引力|静电力|牛顿定律|力学,6,0.9864622703230659,1.0,0.7959386810969198
6400,操作系统,自然语言处理|神经网络|算法|数据结构|人机交互|数据库,6,0.9184958615029271,1.0,0.775548758450878
6500,牛顿定律,电磁学|宇宙学|能量守恒|运动学|力学|统计力学,6,0.9546540348918784,1.0,0.7863962104675635
6500,能量守恒,量子场论|牛顿定律|电磁学|运动学|热力学|摩擦力,6,0.9039160903551852,1.0,0.7759367318684602
6500,静电力,电磁学|能量守恒|相对论|牛顿定律|统计力学|量子场论,6,0.9722352744733819,1.0,0.8038928045642367
6500,相对论,运动学|能量守恒|万有引力|静电力|电磁学|牛顿定律,6,0.9896471966190724,1.0,0.7968941589857217
6500,算法,数据结构|神经网络|计算机视觉|信息安全|人机交互|数据库,6,0.9285591927754263,1.0,0.7841233133881833
6500,分布式系统,数据结构|自然语言处理|人机交互|信息安全|计算机网络|物联网,6,0.9630850800602565,1.0,0.7889255240180768
6500,云计算,算法|神经网络|机器学习|自然语言处理|物联网|数据库,6,0.9304595515256922,1.0,0.787471198791041
6600,能量守恒,运动学|量子场论|静电力|热力学|牛顿定律|电磁学,6,0.9068717836280431,1.0,0.7768234398503175
6600,摩擦力,能量守恒|万有引力|运动学|宇宙学|量子场论|热力学,6,0.9884861123884833,1.0,0.8087680559387672
6600,静电力,能量守恒|电磁学|相对论|统计力学|牛顿定律|动量,6,0.974508157135995,1.0,0.8045746693630208
6600,量子力学,宇宙学|牛顿定律|电磁学|量子场论|运动学|统计力学,6,0.9917389695905555,1.0,0.8364105797660554
6700,能量守恒,静电力|量子场论|运动学|热力学|牛顿定律|摩擦力,6,0.9121092060254028,1.0,0.7783946665695256
6700,摩擦力,能量守恒|万有引力|运动学|宇宙学|相对论|统计力学,6,0.9859725856331003,1.0,0.806902886801041
6700,算法,神经网络|数据结构|信息安全|计算机视觉|云计算|数据库,6,0.9195552819647883,1.0,0.7897554734783252
6700,分布式系统,数据结构|自然语言处理|人机交互|算法|计算机网络|信息安全,6,0.9416651737350248,1.0,0.7824995521205074
6800,能量守恒,静电力|量子场论|运动学|热力学|相对论|牛顿定律,6,0.9225640065318432,1.0,0.7815311067214576
6800,摩擦力,能量守恒|万有引力|运动学|宇宙学|相对论|热力学,6,0.9965729769089153,1.0,0.8111941152948968
6800,静电力,能量守恒|电磁学|相对论|力学|牛顿定律|万有引力,6,0.9755784255862366,1.0,0.8132290832314265
6800,量子力学,宇宙学|牛顿定律|电磁学|运动学|统计力学|相对论,6,0.9912515035326619,1.0,0.8251532288375764
6800,算法,数据库|信息安全|神经网络|数据结构|云计算|人机交互,6,0.915475362908082,1.0,0.7829759422057578
6800,云计算,算法|神经网络|机器学习|自然语言处理|数据库|计算机网络,6,0.9088498482797209,1.0,0.7920993989283608
6900,摩擦力,能量守恒|万有引力|运动学|量子场论|宇宙学|相对论,6,0.998465577537661,1.0,0.8050952288168538
6900,操作系统,自然语言处理|算法|人机交互|神经网络|信息安全|软件工程,6,0.9343124974307879,1.0,0.7802937492292363
7000,牛顿定律,运动学|宇宙学|热力学|力学|量子力学|能量守恒,6,0.9524535493368185,1.0,0.7857360648010454
7000,能量守恒,量子场论|运动学|摩擦力|电磁学|万有引力|相对论,6,0.925939982729412,1.0,0.7825438995807283
7000,静电力,电磁学|能量守恒|力学|相对论|万有引力|统计力学,6,0.9802932004780477,1.0,0.8201990712545254
7000,量子力学,宇宙学|牛顿定律|电磁学|运动学|摩擦力|相对论,6,0.9887810150171354,1.0,0.8188565267273628
7000,算法,数据库|信息安全|数据结构|云计算|操作系统|神经网络,6,0.9173002065125482,1.0,0.7835233952870977
7000,分布式系统,人机交互|自然语言处理|数据结构|算法|信息安全|软件工程,6,0.9467121890538549,1.0,0.7840136567161564
7100,牛顿定律,运动学|宇宙学|热力学|力学|万有引力|量子力学,6,0.9506640864874845,1.0,0.7851992259462452
7100,动量,万有引力|运动学|热力学|力学|电磁学|宇宙学,6,0.9885090928912966,1.0,0.8048860612007223
7100,摩擦力,万有引力|能量守恒|量子场论|运动学|量子力学|宇宙学,6,0.985582063567491,1.0,0.8067857301813584
7100,量子场论,能量守恒|电磁学|摩擦力|热力学|牛顿定律|静电力,6,0.9758436519199588,1.0,0.7975150003378924
7100,算法,数据库|云计算|操作系统|信息安全|数据结构|人机交互,6,0.911780781105806,1.0,0.781867567665075
7200,牛顿定律,运动学|热力学|万有引力|宇宙学|力学|能量守恒,6,0.9666691880704648,1.0,0.7900007564211393
7200,万有引力,摩擦力|能量守恒|动量|运动学|牛顿定律|静电力,6,0.9899775591117734,1.0,0.8081043788446431
7200,摩擦力,万有引力|量子场论|能量守恒|运动学|热力学|量子力学,6,0.9839590505243888,1.0,0.8129654929350943
7200,相对论,能量守恒|静电力|运动学|电磁学|万有引力|统计力学,6,0.9881318931022103,1.0,0.7964395679306631
7200,量子力学,宇宙学|电磁学|牛顿定律|运动学|能量守恒|摩擦力,6,0.9761783855914306,1.0,0.8198376426615562
7200,算法,云计算|神经网络|数据结构|数据库|操作系统|人机交互,6,0.9167614814823675,1.0,0.7833617777780435
7200,云计算,算法|自然语言处理|神经网络|物联网|机器学习|分布式系统,6,0.9209220044596736,1.0,0.7846099346712354
7300,静电力,电磁学|相对论|量子场论|万有引力|力学|统计力学,6,0.9901495275310803,1.0,0.8231559693704352
7300,算法,云计算|数据库|神经网络|编译原理|人机交互|数据结构,6,0.9066879663740007,1.0,0.7803397232455336
7400,分布式系统,自然语言处理|人机交互|数据结构|信息安全|计算机网络|软件工程,6,0.9698675458783556,1.0,0.7909602637635067
7500,牛顿定律,运动学|力学|热力学|能量守恒|量子力学|电磁学,6,0.9754227238102275,1.0,0.7926268171430682
7500,万有引力,能量守恒|摩擦力|动量|运动学|静电力|相对论,6,0.9758419408857135,1.0,0.8038636933768251
7500,静电力,电磁学|力学|相对论|量子场论|万有引力|能量守恒,6,0.9966576920901813,1.0,0.81955286318261
7500,量子力学,能量守恒|运动学|电磁学|牛顿定律|宇宙学|静电力,6,0.9914727335388205,1.0,0.8244259470457732
7500,算法,云计算|数据库|神经网络|人机交互|编译原理|操作系统,6,0.90123450851419,1.0,0.7787036858875902
7500,云计算,算法|自然语言处理|数据库|物联网|神经网络|分布式系统,6,0.9228805384465985,1.0,0.7851974948673128
7600,牛顿定律,能量守恒|力学|运动学|热力学|相对论|宇宙学,6,0.9642297704669405,1.0,0.789268931140082
7600,量子力学,能量守恒|运动学|电磁学|牛顿定律|相对论|静电力,6,0.9811856808122532,1.0,0.8157842756722474
7600,算法,人机交互|编译原理|云计算|自然语言处理|数据库|神经网络,6,0.9199402910398697,1.0,0.7843154206452942
7600,操作系统,信息安全|算法|数据结构|人机交互|自然语言处理|软件工程,6,0.9575561161690042,1.0,0.7872668348507013
7700,量子力学,能量守恒|运动学|电磁学|量子场论|牛顿定律|相对论,6,0.9848032535811065,1.0,0.822425103058459
7700,算法,编译原理|人机交互|云计算|操作系统|自然语言处理|数据库,6,0.9122284613327336,1.0,0.7820018717331534
7800,量子力学,能量守恒|运动学|电磁学|宇宙学|牛顿定律|量子场论,6,0.9940974373802157,1.0,0.8307689137537472
7800,算法,神经网络|编译原理|人机交互|云计算|操作系统|自然语言处理,6,0.9217098413878902,1.0,0.7848462857497003
7900,摩擦力,运动学|万有引力|宇宙学|统计力学|热力学|量子场论,6,0.9649901172873641,1.0,0.807274812963987
7900,相对论,能量守恒|运动学|牛顿定律|静电力|电磁学|热力学,6,0.9784255128809145,1.0,0.7935276538642744
7900,算法,神经网络|人机交互|编译原理|自然语言处理|计算机视觉|数据结构,6,0.9424173582253429,1.0,0.7882807630231583
7900,分布式系统,人机交互|自然语言处理|计算机网络|软件工程|云计算|信息安全,6,0.9743932716856436,1.0,0.7923179815056931
8000,牛顿定律,力学|能量守恒|热力学|相对论|量子力学|运动学,6,0.9797798147395073,1.0,0.7939339444218521
8000,动量,力学|运动学|热力学|电磁学|宇宙学|能量守恒,6,0.9810613572918999,1.0,0.80931840718757
8000,万有引力,能量守恒|运动学|摩擦力|动量|相对论|量子场论,6,0.9741617292862341,1.0,0.7978040743414256
8000,算法,人机交互|神经网络|编译原理|数据库|数据结构|自然语言处理,6,0.9494941722728258,1.0,0.7848482516818478
8000,操作系统,数据结构|算法|信息安全|人机交互|软件工程|数据库,6,0.9641044342541992,1.0,0.7892313302762597
8100,牛顿定律,力学|热力学|能量守恒|相对论|量子力学|摩擦力,6,0.9859958188234952,1.0,0.7957987456470486
8100,摩擦力,运动学|能量守恒|统计力学|万有引力|量子场论|宇宙学,6,0.9811503852468246,1.0,0.8054562266851584
8100,静电力,电磁学|相对论|力学|量子场论|摩擦力|能量守恒,6,0.992975388517126,1.0,0.8195592832218044
8100,算法,人机交互|计算机视觉|数据库|编译原理|神经网络|数据结构,6,0.9396847367341981,1.0,0.7874609765758149
8200,牛顿定律,力学|能量守恒|热力学|摩擦力|宇宙学|相对论,6,0.9765654203887766,1.0,0.792969626116633
8200,万有引力,能量守恒|力学|运动学|摩擦力|相对论|量子场论,6,0.9758177319773201,1.0,0.8049675418154182
8200,摩擦力,运动学|牛顿定律|静电力|能量守恒|统计力学|电磁学,6,0.9952728413344976,1.0,0.8108040746225714
8200,静电力,力学|相对论|电磁学|摩擦力|量子场论|牛顿定律,6,0.9989423100488758,1.0,0.8213493596813295
8200,算法,计算机视觉|数据库|数据结构|人机交互|编译原理|云计算,6,0.9271002382522635,1.0,0.7920189603645678
8200,操作系统,人机交互|数据结构|信息安全|自然语言处理|物联网|算法,6,0.9610916737638857,1.0,0.7883275021291656
8200,分布式系统,人机交互|计算机网络|信息安全|算法|自然语言处理|软件工程,6,0.9611983258051555,1.0,0.7883594977415467
8200,云计算,自然语言处理|算法|数据库|神经网络|计算机网络|物联网,6,0.9338490314747004,1.0,0.7995991538868547
8300,静电力,电磁学|相对论|摩擦力|力学|牛顿定律|宇宙学,6,0.9962380357656798,1.0,0.8205380773963706
8300,相对论,静电力|电磁学|能量守恒|牛顿定律|力学|热力学,6,0.9717030925665635,1.0,0.791510927769969
8300,操作系统,人机交互|神经网络|数据结构|软件工程|自然语言处理|信息安全,6,0.9722721134177623,1.0,0.7916816340253288
8300,分布式系统,人机交互|信息安全|计算机网络|算法|操作系统|编译原理,6,0.9696436486182967,1.0,0.8004169041092986
8400,万有引力,力学|能量守恒|运动学|相对论|动量|量子场论,6,0.9907941962595828,1.0,0.8039049255445415
8400,相对论,静电力|力学|电磁学|万有引力|牛顿定律|能量守恒,6,0.9610834896308591,1.0,0.7883250468892578
8400,算法,数据结构|计算机视觉|数据库|物联网|编译原理|人机交互,6,0.9456368913300903,1.0,0.7892466229545827
8400,操作系统,自然语言处理|人机交互|物联网|软件工程|神经网络|数据结构,6,0.9773305961376615,1.0,0.7931991788412984
8500,牛顿定律,力学|能量守恒|摩擦力|宇宙学|量子力学|热力学,6,0.9796713954670127,1.0,0.7939014186401037
8500,相对论,静电力|电磁学|能量守恒|力学|万有引力|热力学,6,0.9677947614230991,1.0,0.7903384284269297
8500,算法,数据结构|计算机视觉|编译原理|人机交互|数据库|自然语言处理,6,0.956178629335893,1.0,0.7924091443563235
8500,分布式系统,人机交互|算法|信息安全|操作系统|计算机网络|神经网络,6,0.9500343036673237,1.0,0.7945341006240065
8600,牛顿定律,力学|能量守恒|宇宙学|摩擦力|运动学|量子力学,6,0.9854894237441727,1.0,0.7956468271232517
8600,能量守恒,运动学|热力学|万有引力|电磁学|牛顿定律|摩擦力,6,0.962090774600368,1.0,0.7886272323801105
8600,算法,编译原理|信息安全|数据结构|计算机视觉|人机交互|物联网,6,0.9457225910675209,1.0,0.7892723328758118
8600,云计算,自然语言处理|算法|神经网络|信息安全|数据库|计算机网络,6,0.922633061014381,1.0,0.7962343627487588
8700,万有引力,能量守恒|运动学|力学|静电力|量子场论|摩擦力,6,0.999239188132875,1.0,0.8175495342176403
8700,静电力,电磁学|相对论|摩擦力|力学|万有引力|宇宙学,6,0.9962726039683039,1.0,0.8261040034127134
8700,相对论,静电力|力学|电磁学|能量守恒|热力学|运动学,6,0.9715018039279324,1.0,0.7914505411783797
8700,分布式系统,人机交互|算法|操作系统|信息安全|编译原理|神经网络,6,0.927055049750348,1.0,0.7876403244489139
8700,云计算,自然语言处理|神经网络|算法|信息安全|数据库|数据结构,6,0.9108205889218479,1.0,0.7815795100098877
8800,能量守恒,运动学|热力学|万有引力|摩擦力|牛顿定律|力学,6,0.9658497526418295,1.0,0.7897549257925489
8800,静电力,电磁学|相对论|摩擦力|万有引力|力学|牛顿定律,6,0.9900138612118596,1.0,0.8242263805857801
8800,算法,信息安全|编译原理|计算机视觉|数据结构|自然语言处理|物联网,6,0.9529381144813653,1.0,0.7914369898999651
8900,万有引力,力学|能量守恒|运动学|静电力|量子场论|量子力学,6,0.9919227561171694,1.0,0.8145609538192778
8900,量子力学,运动学|电磁学|牛顿定律|量子场论|能量守恒|万有引力,6,0.9806054282523317,1.0,0.8259276602217313
8900,算法,编译原理|计算机视觉|信息安全|人机交互|数据结构|自然语言处理,6,0.9563456359612926,1.0,0.7924592463439433
8900,操作系统,软件工程|自然语言处理|物联网|机器学习|人机交互|分布式系统,6,0.9915345623061533,1.0,0.8069841782156555
8900,云计算,自然语言处理|神经网络|算法|信息安全|数据库|分布式系统,6,0.9111507220463992,1.0,0.7816785499472529
9000,相对论,力学|电磁学|静电力|热力学|万有引力|运动学,6,0.9649942029843958,1.0,0.7894982608953187
9000,算法,自然语言处理|计算机视觉|信息安全|编译原理|人机交互|物联网,6,0.9560146601313141,1.0,0.7923599535949497
9000,操作系统,自然语言处理|软件工程|数据结构|机器学习|物联网|人机交互,6,0.9985072572923128,1.0,0.7995521771876939
9100,量子力学,运动学|电磁学|能量守恒|宇宙学|牛顿定律|万有引力,6,0.991347515665427,1.0,0.8235947308901043
9100,操作系统,自然语言处理|数据结构|软件工程|物联网|机器学习|分布式系统,6,0.9972798516791331,1.0,0.8087077650275494
9100,云计算,自然语言处理|神经网络|信息安全|数据结构|分布式系统|算法,6,0.9194768364109138,1.0,0.7841763842566074
9200,万有引力,力学|能量守恒|运动学|静电力|电磁学|量子场论,6,0.9957991529154543,1.0,0.8109619680968584
9200,量子力学,运动学|电磁学|力学|能量守恒|宇宙学|万有引力,6,0.9887217241327698,1.0,0.8394736600969738
9200,算法,自然语言处理|人机交互|计算机视觉|信息安全|数据库|物联网,6,0.9625867324338093,1.0,0.7943315752856983
9200,分布式系统,人机交互|操作系统|神经网络|计算机网络|编译原理|算法,6,0.9455560703358079,1.0,0.7931906306245518
9200,云计算,自然语言处理|神经网络|数据结构|信息安全|数据库|分布式系统,6,0.9263934187529352,1.0,0.7779180256258806
9300,动量,力学|热力学|能量守恒|运动学|宇宙学|牛顿定律,6,0.9933192470642578,1.0,0.8129957741192774
9300,万有引力,力学|能量守恒|运动学|静电力|电磁学|量子力学,6,0.9953467459076015,1.0,0.8155881507564074
9300,量子力学,宇宙学|电磁学|运动学|牛顿定律|力学|量子场论,6,0.9950798477575075,1.0,0.8429683987716966
9300,操作系统,机器学习|数据结构|自然语言处理|软件工程|物联网|神经网络,6,0.9906686196743075,1.0,0.7972005859022921
9300,分布式系统,人机交互|计算机网络|操作系统|神经网络|算法|计算机视觉,6,0.9429993543169103,1.0,0.7924236158188824
9300,云计算,自然语言处理|神经网络|数据结构|信息安全|物联网|算法,6,0.9168421304588454,1.0,0.7833859724709868
9400,牛顿定律,能量守恒|运动学|宇宙学|力学|量子力学|动量,6,0.9801542590070502,1.0,0.7940462777021151
9400,能量守恒,牛顿定律|运动学|摩擦力|热力学|动量|万有引力,6,0.9755307471476028,1.0,0.7993258908109474
9400,动量,力学|能量守恒|热力学|运动学|牛顿定律|万有引力,6,0.9822575113532357,1.0,0.8096772534059707
9400,万有引力,力学|静电力|能量守恒|运动学|电磁学|摩擦力,6,0.9947705181550255,1.0,0.8162089332242853
9400,相对论,力学|电磁学|能量守恒|热力学|万有引力|动量,6,0.9460950519630001,1.0,0.7838285155889
9400,算法,自然语言处理|编译原理|物联网|人机交互|计算机视觉|数据结构,6,0.9407700042957929,1.0,0.7877865568442934
9500,相对论,力学|电磁学|能量守恒|静电力|热力学|动量,6,0.9531971048645848,1.0,0.7859591314593755
9500,算法,数据库|机器学习|信息安全|编译原理|物联网|人机交互,6,0.9187830879611856,1.0,0.7756349263883557
9500,操作系统,数据结构|机器学习|计算机视觉|自然语言处理|物联网|软件工程,6,0.9879505419978059,1.0,0.7963851625993417
9500,分布式系统,人机交互|算法|计算机网络|计算机视觉|神经网络|自然语言处理,6,0.9259068867325667,1.0,0.77777206601977
9600,万有引力,运动学|力学|静电力|能量守恒|动量|电磁学,6,0.9900961797048492,1.0,0.809251076133677
9600,相对论,力学|电磁学|能量守恒|动量|静电力|量子场论,6,0.9495170813667975,1.0,0.7904106799655948
9600,量子力学,宇宙学|电磁学|牛顿定律|热力学|量子场论|运动学,6,0.9986181470377392,1.0,0.8406965552224328
9600,算法,数据结构|编译原理|机器学习|计算机视觉|数据库|物联网,6,0.9155552359007161,1.0,0.7802221263257703
9600,操作系统,数据结构|自然语言处理|计算机视觉|机器学习|物联网|神经网络,6,0.9823772193040725,1.0,0.7947131657912216
9700,牛顿定律,力学|宇宙学|能量守恒|运动学|动量|静电力,6,0.9726940411248013,1.0,0.7918082123374404
9700,万有引力,动量|静电力|运动学|能量守恒|力学|热力学,6,0.9924166614942751,1.0,0.8155027762260604
9700,摩擦力,量子场论|运动学|能量守恒|统计力学|电磁学|力学,6,0.996850904587415,1.0,0.8129441602651133
9700,静电力,电磁学|力学|万有引力|牛顿定律|摩擦力|宇宙学,6,0.9755518746998839,1.0,0.8198877846321875
9700,算法,计算机视觉|编译原理|神经网络|数据结构|机器学习|自然语言处理,6,0.9302976311257605,1.0,0.7846448448932837
9700,操作系统,数据结构|自然语言处理|物联网|计算机视觉|机器学习|算法,6,0.973348455873301,1.0,0.7920045367619903
9700,分布式系统,计算机网络|算法|人机交互|自然语言处理|计算机视觉|编译原理,6,0.936235977206137,1.0,0.780870793161841
9800,摩擦力,统计力学|量子场论|运动学|能量守恒|力学|牛顿定律,6,0.9976131533614271,1.0,0.8131728348973168
9800,算法,机器学习|计算机视觉|数据库|物联网|计算机网络|编译原理,6,0.905868736403612,1.0,0.7828717320321947
9800,分布式系统,算法|计算机网络|自然语言处理|人机交互|机器学习|计算机视觉,6,0.9461789294073456,1.0,0.7838536788222037
9800,云计算,自然语言处理|算法|数据结构|神经网络|物联网|计算机网络,6,0.9082732605558737,1.0,0.7919264226112065
9900,相对论,能量守恒|牛顿定律|力学|量子场论|静电力|电磁学,6,0.9493776521599571,1.0,0.7903688512035427
9900,量子力学,牛顿定律|电磁学|量子场论|运动学|能量守恒|力学,6,0.9842627206284564,1.0,0.8389296098393305
9900,算法,数据库|编译原理|分布式系统|机器学习|计算机视觉|物联网,6,0.9077321279201623,1.0,0.7778751939316042
9900,操作系统,数据结构|自然语言处理|机器学习|物联网|算法|数据库,6,0.9864898277577363,1.0,0.7959469483273209
9900,云计算,自然语言处理|算法|计算机网络|数据结构|神经网络|信息安全,6,0.910507843091554,1.0,0.7925967973719107
